Workbook

Sheet Read Me & Assumptions
A1: demoblaze.com — Login & Cart/Checkout Test Case Suite
A2: Generated 2026-08-14 by scripts/generate-test-case-workbook.ts — do not hand-edit this file's structure; edit scripts/test-case-data.ts and run "npm run gen:test-cases" instead.
A4: Sheets in this workbook
A5: • Read Me & Assumptions (this sheet) — scope, verified environment facts, and the rationale behind every deliberate scope decision below.
A6: • Coverage Dashboard — live COUNTIF/COUNTIFS formulas against the two case sheets: totals by module/type/priority, automation ratio, and a rollup of every known documented defect.
A7: • Login Cases / Cart & Checkout Cases — one row per test case. Type/Priority/Automation Status/Layer/Execution Status/Module are dropdown-constrained (see the hidden "Lists" sheet) so edits stay within the same vocabulary this dashboard's formulas expect.
A8: • Requirements Traceability — every requirement this suite is meant to cover, which case IDs cover it, and a live count of how much of that coverage is automated vs. manual.
A9: • Lists (very hidden) — the canonical dropdown values backing data validation on the case sheets. Unhide it (right-click any sheet tab → Unhide) if you need to see or edit the allowed values themselves.
A11: Column reference (case sheets)
A12: Automation Status: Automated (has a real Playwright test), Manual (deliberately not automated — see reason in Automation Link), Planned (identified, not yet built).
A13: Execution Status: Pass (automated and currently passing against the live site), Documented Finding (automated, and the assertion encodes an actual observed defect — see Observed Result / Defect ID), Not Executed (manual/documented-only row, no automated run to report a status from).
A14: Expected Result states what a reasonable implementation should do. Observed Result is populated only when automation proved the live app actually diverges from that — this keeps "what should happen" and "what a known bug does instead" in separate columns rather than blended into one ambiguous sentence.
... A33: Source of truth: scripts/test-case-data.ts (case rows + REQUIREMENTS) and scripts/generate-test-case-workbook.ts (layout/formatting/formulas). Run `npm run gen:test-cases` after editing either file — never hand-edit the generated .xlsx, since the next regeneration will overwrite it.

Sheet Coverage Dashboard
A1: Test Coverage Dashboard
A2: Generated 2026-08-14 — every count below is a live formula against the case sheets, not a hand-typed snapshot.
A4: By module
A5: Module | B5: Total Cases | C5: Automated | D5: Manual/Planned | E5: Documented Findings | F5: Pass | G5: % Automated
A6: Login | B6: =COUNTA('Login Cases'!A2:A24) | C6: =COUNTIF('Login Cases'!L2:L24,"Automated") | D6: =COUNTA('Login Cases'!A2:A24)-COUNTIF('Login Cases'!L2:L24,"Automated") | E6: =COUNTIF('Login Cases'!R2:R24,"Documented Finding") | F6: =COUNTIF('Login Cases'!R2:R24,"Pass") | G6: =IF(COUNTA('Login Cases'!A2:A24)=0,0,COUNTIF('Login Cases'!L2:L24,"Automated")/COUNTA('Login Cases'!A2:A24))
A7: Cart & Checkout | B7: =COUNTA('Cart & Checkout Cases'!A2:A28) | C7: =COUNTIF('Cart & Checkout Cases'!L2:L28,"Automated") | D7: =COUNTA('Cart & Checkout Cases'!A2:A28)-COUNTIF('Cart & Checkout Cases'!L2:L28,"Automated") | E7: =COUNTIF('Cart & Checkout Cases'!R2:R28,"Documented Finding") | F7: =COUNTIF('Cart & Checkout Cases'!R2:R28,"Pass") | G7: =IF(COUNTA('Cart & Checkout Cases'!A2:A28)=0,0,COUNTIF('Cart & Checkout Cases'!L2:L28,"Automated")/COUNTA('Cart & Checkout Cases'!A2:A28))
A8: Total | B8: =B6+B7 | C8: =C6+C7 | D8: =D6+D7 | E8: =E6+E7 | F8: =F6+F7 | G8: =IF(B6+B7=0,0,(C6+C7)/(B6+B7))
A10: By type (Login + Cart & Checkout combined)
A11: Type | B11: Count
A12: Functional | B12: =COUNTIF('Login Cases'!E2:E24,"Functional")+COUNTIF('Cart & Checkout Cases'!E2:E28,"Functional")
A13: Negative | B13: =COUNTIF('Login Cases'!E2:E24,"Negative")+COUNTIF('Cart & Checkout Cases'!E2:E28,"Negative")
A14: Edge | B14: =COUNTIF('Login Cases'!E2:E24,"Edge")+COUNTIF('Cart & Checkout Cases'!E2:E28,"Edge")
A15: Security | B15: =COUNTIF('Login Cases'!E2:E24,"Security")+COUNTIF('Cart & Checkout Cases'!E2:E28,"Security")
A17: By priority (Login + Cart & Checkout combined)
A18: Priority | B18: Count
A19: Critical | B19: =COUNTIF('Login Cases'!F2:F24,"Critical")+COUNTIF('Cart & Checkout Cases'!F2:F28,"Critical")
A20: High | B20: =COUNTIF('Login Cases'!F2:F24,"High")+COUNTIF('Cart & Checkout Cases'!F2:F28,"High")
A21: Medium | B21: =COUNTIF('Login Cases'!F2:F24,"Medium")+COUNTIF('Cart & Checkout Cases'!F2:F28,"Medium")
A22: Low | B22: =COUNTIF('Login Cases'!F2:F24,"Low")+COUNTIF('Cart & Checkout Cases'!F2:F28,"Low")
A24: Known defects (rows with a non-blank Defect ID)
A25: Defect ID | B25: Case | C25: Summary
A26: DEF-LOGIN-02 | B26: TC-LOGIN-22 | C26: "User does not exist." (unknown user) vs. "Wrong password." (known user, bad password) — distinguishable messages.
A27: DEF-LOGIN-01 | B27: TC-LOGIN-23 | C27: No dialog/alert is raised; #logInModal remains visible with no error text; page remains responsive.
A28: DEF-CART-01 | B28: TC-CART-09 | C28: Purchase still succeeds — no card-format validation exists.
A29: DEF-CART-02 | B29: TC-CART-10 | C29: Purchase still succeeds — no expiry validation exists.
A30: DEF-CART-06 | B30: TC-CART-14 | C30: The modal still opens, with a total of 0 — there is no "cart is empty" guard.
A31: DBZ-CART-001 | B31: TC-CART-19 | C31: Two POST /deletecart requests are sent when Purchase is triggered twice rapidly.
A32: DEF-CART-03 | B32: TC-CART-20 | C32: The full, unmasked PAN is echoed back verbatim in the confirmation text.
A33: DEF-CART-04 | B33: TC-CART-21 | C33: The modified $1 price propagates through the client-rendered cart total, order-modal total, and confirmation Amount. No backend order acceptance is asserted.
A34: DEF-CART-05 | B34: TC-CART-26 | C34: The required-field check tests the raw string’s truthiness, not its trimmed content, so " " counts as "filled": no alert fires, the purchase proceeds, and the confirmation then renders a blank Card Number.

Sheet Login Cases
A1: Test Case ID | B1: Requirement ID | C1: Module | D1: Scenario | E1: Type | F1: Priority | G1: Preconditions | H1: Test Data | I1: Steps | J1: Expected Result | K1: Postconditions / Cleanup | L1: Automation Status | M1: Layer | N1: Suite Tags | O1: Browser / Project Scope | P1: Automation Link | Q1: Observed Result | R1: Execution Status | S1: Defect ID | T1: Owner | U1: Last Reviewed
A2: TC-LOGIN-01 | B2: REQ-LOGIN-AUTH | C2: Login | D2: Valid credentials log the user in | E2: Functional | F2: Critical | G2: A registered account exists (username/password known). | H2: username: <valid registered username>, password: <matching password> | I2: 1. Open the home page. 2. Click "Log in" in the nav bar. 3. Enter a valid username and password. 4. Click "Log in". | J2: Modal closes; nav bar shows "Welcome <username>" and a "Log out" link; "Log in" link is hidden. | K2: User remains logged in for the rest of the test. | L2: Automated | M2: UI | N2: @smoke @regression | O2: chromium, firefox, webkit, mobile-chrome | P2: tests/ui/login.spec.ts — TC-LOGIN-01 | R2: Pass | T2: Bach Nguyen — QA Automation | U2: 2026-08-10
A3: TC-LOGIN-02 | B3: REQ-LOGIN-LOGOUT | C3: Login | D3: Logging out returns to the logged-out state | E3: Functional | F3: High | G3: User is logged in. | H3: n/a | I3: 1. Click "Log out" in the nav bar. | J3: "Log in" / "Sign up" links reappear; the welcome label is hidden. | K3: User is logged out. | L3: Automated | M3: UI | N3: @regression | O3: chromium, firefox, webkit, mobile-chrome | P3: tests/ui/login.spec.ts — TC-LOGIN-02 | R3: Pass | T3: Bach Nguyen — QA Automation | U3: 2026-08-10
A4: TC-LOGIN-03 | B4: REQ-LOGIN-AUTH | C4: Login | D4: Session survives navigating to another page | E4: Functional | F4: Medium | G4: User is logged in. | H4: n/a | I4: 1. Log in. 2. Click "Cart" in the nav bar. | J4: The cart page still shows "Welcome <username>" — login state is not lost on navigation. | K4: User remains logged in on the cart page. | L4: Automated | M4: UI | N4: @regression | O4: chromium, firefox, webkit, mobile-chrome | P4: tests/ui/login.spec.ts — TC-LOGIN-03 | R4: Pass | T4: Bach Nguyen — QA Automation | U4: 2026-08-10
A5: TC-LOGIN-04 | B5: REQ-LOGIN-NEGATIVE | C5: Login | D5: A non-existent username is rejected | E5: Negative | F5: High | G5: The chosen username does not exist in the system. | H5: username: <random unregistered username>, password: irrelevant-password | I5: 1. Open the login modal. 2. Enter a username that has never been registered. 3. Enter any password. 4. Click "Log in". | J5: An alert reading "User does not exist." is shown; the user is not logged in. | K5: None. | L5: Automated | M5: UI | N5: @regression | O5: chromium, firefox, webkit, mobile-chrome | P5: tests/ui/login.spec.ts — TC-LOGIN-04 | R5: Pass | T5: Bach Nguyen — QA Automation | U5: 2026-08-10
A6: TC-LOGIN-05 | B6: REQ-LOGIN-NEGATIVE | C6: Login | D6: The correct username with the wrong password is rejected | E6: Negative | F6: High | G6: A registered account exists. | H6: username: <valid username>, password: <valid password> + "-wrong" | I6: 1. Open the login modal. 2. Enter the correct username. 3. Enter an incorrect password. 4. Click "Log in". | J6: An alert reading "Wrong password." is shown; the user is not logged in. | K6: None. | L6: Automated | M6: UI | N6: @regression | O6: chromium, firefox, webkit, mobile-chrome | P6: tests/ui/login.spec.ts — TC-LOGIN-05 | R6: Pass | T6: Bach Nguyen — QA Automation | U6: 2026-08-10
A7: TC-LOGIN-06 | B7: REQ-LOGIN-VALIDATE | C7: Login | D7: Submitting with both fields empty is rejected client-side | E7: Negative | F7: Medium | G7: None. | H7: username: "", password: "" | I7: 1. Open the login modal. 2. Leave both fields empty. 3. Click "Log in". | J7: An alert reading "Please fill out Username and Password." is shown before any network call; the modal stays open. | K7: Modal remains open. | L7: Automated | M7: UI | N7: @regression | O7: chromium, firefox, webkit, mobile-chrome | P7: tests/ui/login.spec.ts — TC-LOGIN-06 | R7: Pass | T7: Bach Nguyen — QA Automation | U7: 2026-08-10
A8: TC-LOGIN-07 | B8: REQ-LOGIN-VALIDATE | C8: Login | D8: Submitting with only the password filled is rejected client-side | E8: Negative | F8: Medium | G8: None. | H8: username: "", password: <valid password> | I8: 1. Open the login modal. 2. Leave username empty; fill in a password. 3. Click "Log in". | J8: Same client-side validation alert as TC-LOGIN-06. | K8: Modal remains open. | L8: Automated | M8: UI | N8: @regression | O8: chromium, firefox, webkit, mobile-chrome | P8: tests/ui/login.spec.ts — TC-LOGIN-07 | R8: Pass | T8: Bach Nguyen — QA Automation | U8: 2026-08-10
A9: TC-LOGIN-08 | B9: REQ-LOGIN-SECURITY | C9: Login | D9: A SQL-injection-shaped username is treated as plain text, not exploited | E9: Security | F9: High | G9: None. | H9: username: <run-unique prefix>' OR '1'='1' --, password: ' OR '1'='1' -- | I9: 1. Open the login modal. 2. Enter a run-unique-prefixed ' OR '1'='1' -- as the username, and the raw payload as the password. 3. Click "Log in". | J9: Treated as an ordinary, unrecognized username: an alert reading "User does not exist." is shown; no SQL error, no crash, and — critically — no bypassed login. | K9: None. | L9: Automated | M9: UI | N9: @edge @security @regression | O9: chromium, firefox, webkit, mobile-chrome | P9: tests/ui/login.spec.ts — TC-LOGIN-08 | R9: Pass | T9: Bach Nguyen — QA Automation | U9: 2026-08-10
A10: TC-LOGIN-09 | B10: REQ-LOGIN-RESILIENCE | C10: Login | D10: A very long username is handled without crashing the page | E10: Edge | F10: Low | G10: None. | H10: username: 'a'.repeat(500), password: irrelevant-password | I10: 1. Open the login modal. 2. Enter a 500-character username. 3. Click "Log in". | J10: An error alert is shown (not a crash); the page remains responsive. | K10: None. | L10: Automated | M10: UI | N10: @edge | O10: chromium, firefox, webkit, mobile-chrome | P10: tests/ui/login.spec.ts — TC-LOGIN-09 | R10: Pass | T10: Bach Nguyen — QA Automation | U10: 2026-08-10
A11: TC-LOGIN-10 | B11: REQ-LOGIN-NEGATIVE | C11: Login | D11: Username lookup is case-sensitive | E11: Edge | F11: Medium | G11: A registered account exists. | H11: username: <VALID USERNAME UPPERCASED>, password: <valid password> | I11: 1. Open the login modal. 2. Enter the registered username in uppercase. 3. Enter the correct password. 4. Click "Log in". | J11: Rejected with "User does not exist." — documents actual behavior (no case-folding) rather than assuming it. | K11: None. | L11: Automated | M11: UI | N11: @edge @regression | O11: chromium, firefox, webkit, mobile-chrome | P11: tests/ui/login.spec.ts — TC-LOGIN-10 | R11: Pass | T11: Bach Nguyen — QA Automation | U11: 2026-08-10
A12: TC-LOGIN-11 | B12: REQ-LOGIN-VALIDATE | C12: Login | D12: Only username filled, password empty is rejected | E12: Negative | F12: Low | G12: None. | H12: username: <valid username>, password: "" | I12: 1. Open the login modal. 2. Fill in a username; leave password empty. 3. Click "Log in". | J12: Same "Please fill out Username and Password." alert as TC-LOGIN-06/07. | K12: Modal remains open. | L12: Manual | M12: Manual | N12: n/a — documented only | O12: n/a | P12: Not automated — symmetric case of TC-LOGIN-07, same client-side validation code path. | R12: Not Executed | T12: Bach Nguyen — QA Automation | U12: 2026-08-10
A13: TC-LOGIN-12 | B13: REQ-LOGIN-NEGATIVE | C13: Login | D13: Leading/trailing whitespace in credentials is treated literally (not trimmed) | E13: Edge | F13: Low | G13: A registered account exists. | H13: username: " <valid username>", password: <valid password> | I13: 1. Open the login modal. 2. Enter the valid username with a leading space. 3. Enter the valid password. 4. Click "Log in". | J13: Rejected as an unknown user — the app does not trim whitespace before lookup. | K13: None. | L13: Manual | M13: Manual | N13: n/a — documented only | O13: n/a | P13: Documented for manual/exploratory verification. | R13: Not Executed | T13: Bach Nguyen — QA Automation | U13: 2026-08-10
... A22: TC-LOGIN-21 | B22: REQ-LOGIN-SECURITY | C22: Login | D22: Repeated failed login attempts are not rate-limited or locked out | E22: Security | F22: Medium | G22: A registered account exists. | H22: username: <valid username>, password: <20 sequential wrong passwords> | I22: 1. Submit the login form with the correct username and an incorrect password. 2. Repeat with 20+ rapid attempts. 3. Observe whether the account locks, a CAPTCHA appears, or requests start being throttled/refused. | J22: Risk to document, not to reproduce here: demoblaze.com is a real, shared public demo used by other testers, so deliberately hammering its login endpoint to find the actual threshold is out of scope for automation. Expected behavior for a production system would be a lockout/backoff after N attempts; record whatever threshold (if any) is observed during manual/exploratory review. | K22: None. | L22: Manual | M22: Manual | N22: n/a — documented only, intentionally not automated (see Read Me sheet) | O22: n/a | P22: Deliberately not automated — see "Read Me & Assumptions" sheet for the rationale (avoids load-testing a shared public demo site). | R22: Not Executed | T22: Bach Nguyen — QA Automation | U22: 2026-08-10
A23: TC-LOGIN-22 | B23: REQ-LOGIN-SECURITY | C23: Login | D23: Distinct error messages for "unknown user" vs. "wrong password" enable username enumeration | E23: Security | F23: Medium | G23: A registered account exists. | H23: see TC-LOGIN-04 (unknown user) and TC-LOGIN-05 (wrong password) | I23: 1. Attempt login with an unregistered username (TC-LOGIN-04). 2. Attempt login with a registered username and wrong password (TC-LOGIN-05). 3. Compare the two error messages. | J23: Both failures use the same generic message so the response does not disclose whether the username exists. | K23: None. | L23: Automated | M23: UI | N23: @security @regression | O23: chromium, firefox, webkit, mobile-chrome | P23: tests/ui/login.spec.ts — TC-LOGIN-22 | Q23: "User does not exist." (unknown user) vs. "Wrong password." (known user, bad password) — distinguishable messages. | R23: Documented Finding | S23: DEF-LOGIN-02 | T23: Bach Nguyen — QA Automation | U23: 2026-08-10
A24: TC-LOGIN-23 | B24: REQ-LOGIN-RESILIENCE | C24: Login | D24: A failing auth API leaves the login modal open without crashing the page | E24: Negative | F24: Medium | G24: None. | H24: POST /login intercepted to return HTTP 500 | I24: 1. Intercept POST /login to return a 500 error. 2. Open the login modal, fill in any credentials, submit. | J24: A clear, recoverable error is shown; the modal remains open, the user stays logged out, and the page remains usable. | K24: None. | L24: Automated | M24: UI | N24: @edge @regression | O24: chromium, firefox, webkit, mobile-chrome | P24: tests/ui/login.spec.ts — TC-LOGIN-23 | Q24: No dialog/alert is raised; #logInModal remains visible with no error text; page remains responsive. | R24: Documented Finding | S24: DEF-LOGIN-01 | T24: Bach Nguyen — QA Automation | U24: 2026-08-10

Sheet Cart & Checkout Cases
A1: Test Case ID | B1: Requirement ID | C1: Module | D1: Scenario | E1: Type | F1: Priority | G1: Preconditions | H1: Test Data | I1: Steps | J1: Expected Result | K1: Postconditions / Cleanup | L1: Automation Status | M1: Layer | N1: Suite Tags | O1: Browser / Project Scope | P1: Automation Link | Q1: Observed Result | R1: Execution Status | S1: Defect ID | T1: Owner | U1: Last Reviewed
A2: TC-CART-01 | B2: REQ-CART-ADD | C2: Cart & Checkout | D2: Adding a product surfaces a confirmation and lists it in the cart | E2: Functional | F2: Critical | G2: None (works whether logged in or as a guest). | H2: product: Samsung galaxy s6 | I2: 1. Open a product page. 2. Click "Add to cart". 3. Navigate to the cart page. | J2: An alert confirms "Product added." (with or without trailing period); the product appears as exactly one row in the cart. | K2: Cart contains one item. | L2: Automated | M2: UI | N2: @smoke @regression | O2: chromium, firefox, webkit, mobile-chrome | P2: tests/ui/cart.spec.ts — TC-CART-01 | R2: Pass | T2: Bach Nguyen — QA Automation | U2: 2026-08-10
A3: TC-CART-02 | B3: REQ-CART-CHECKOUT-SUBMIT | C3: Cart & Checkout | D3: Full journey: log in, add to cart, place an order | E3: Functional | F3: Critical | G3: A registered account exists. | H3: product: Samsung galaxy s6; name: QA Automation; card: 4111111111111111; month: 12; year: 2030 | I3: 1. Log in. 2. Clear any pre-existing cart contents. 3. Add a product to the cart. 4. Open "Place Order". 5. Fill in Name, Country, City, Card, Month, Year. 6. Click "Purchase". | J3: Cart total equals the product price; the Place Order total matches; purchase succeeds and shows a confirmation with a non-empty order ID, the correct amount, and the entered name. | K3: Cart is empty (purchase clears it — see TC-CART-18). | L3: Automated | M3: UI | N3: @smoke @regression @e2e | O3: chromium, firefox, webkit, mobile-chrome | P3: tests/ui/cart.spec.ts — TC-CART-02 (primary end-to-end demo scenario) | R3: Pass | T3: Bach Nguyen — QA Automation | U3: 2026-08-10
A4: TC-CART-03 | B4: REQ-CART-ADD | C4: Cart & Checkout | D4: Adding the same product twice creates two separate line items | E4: Edge | F4: Medium | G4: None. | H4: product: Apple monitor 24 | I4: 1. Open a product page. 2. Click "Add to cart" twice in a row. 3. Open the cart. | J4: Two separate rows for the same product appear — demoblaze has no quantity/merge concept, documented rather than assumed. | K4: Cart contains two items. | L4: Automated | M4: UI | N4: @edge @regression | O4: chromium, firefox, webkit, mobile-chrome | P4: tests/ui/cart.spec.ts — TC-CART-03 | R4: Pass | T4: Bach Nguyen — QA Automation | U4: 2026-08-10
A5: TC-CART-04 | B5: REQ-CART-DELETE | C5: Cart & Checkout | D5: Deleting an item removes it from the cart | E5: Functional | F5: High | G5: The cart contains at least one item. | H5: product: Sony vaio i5 | I5: 1. Open the cart. 2. Click "Delete" on a row. | J5: The row disappears and the cart row count decreases by one. | K5: Row removed. | L5: Automated | M5: UI | N5: @regression | O5: chromium, firefox, webkit, mobile-chrome | P5: tests/ui/cart.spec.ts — TC-CART-04 | R5: Pass | T5: Bach Nguyen — QA Automation | U5: 2026-08-10
A6: TC-CART-05 | B6: REQ-CART-CHECKOUT-VALIDATE | C6: Cart & Checkout | D6: Placing an order with Name and Card both empty is rejected client-side | E6: Negative | F6: High | G6: The cart contains at least one item. | H6: name: "", card: "" | I6: 1. Open "Place Order". 2. Fill only Country/City/Month/Year; leave Name and Card blank. 3. Click "Purchase". | J6: An alert reading "Please fill out Name and Creditcard." is shown; no confirmation dialog appears. | K6: Order modal remains open, no purchase made. | L6: Automated | M6: UI | N6: @regression | O6: chromium, firefox, webkit, mobile-chrome | P6: tests/ui/cart.spec.ts — TC-CART-05 | R6: Pass | T6: Bach Nguyen — QA Automation | U6: 2026-08-10
A7: TC-CART-06 | B7: REQ-CART-CHECKOUT-VALIDATE | C7: Cart & Checkout | D7: Optional address/date fields can be left blank | E7: Functional | F7: Medium | G7: The cart contains at least one item. | H7: name: Minimal Fields, card: 4111111111111111 | I7: 1. Open "Place Order". 2. Fill only Name and Card; leave Country/City/Month/Year blank. 3. Click "Purchase". | J7: Purchase succeeds; the confirmation shows the entered name — only Name/Card are truly required. | K7: Cart is empty (see TC-CART-18). | L7: Automated | M7: UI | N7: @edge @regression | O7: chromium, firefox, webkit, mobile-chrome | P7: tests/ui/cart.spec.ts — TC-CART-06 | R7: Pass | T7: Bach Nguyen — QA Automation | U7: 2026-08-10
A8: TC-CART-07 | B8: REQ-CART-VIEW | C8: Cart & Checkout | D8: The cart total equals the sum of its line items | E8: Functional | F8: Medium | G8: None. | H8: products: Samsung galaxy s6 + Sony vaio i5 | I8: 1. Clear the cart. 2. Add two different products. 3. Open the cart and read the displayed total. | J8: The displayed total exactly equals the sum of both products’ prices — a genuine sum, not a single-item total. | K8: Cart contains two items. | L8: Automated | M8: UI | N8: @regression | O8: chromium, firefox, webkit, mobile-chrome | P8: tests/ui/cart.spec.ts — TC-CART-07 | R8: Pass | T8: Bach Nguyen — QA Automation | U8: 2026-08-10
A9: TC-CART-08 | B9: REQ-CART-IDENTITY | C9: Cart & Checkout | D9: The cart is reachable without being logged in | E9: Edge | F9: Medium | G9: User is logged out. | H9: n/a | I9: 1. Navigate directly to /cart.html as a guest. | J9: The cart page and checkout control render without requiring authentication. | K9: None. | L9: Automated | M9: UI | N9: @edge @regression | O9: chromium, firefox, webkit, mobile-chrome | P9: tests/ui/cart.spec.ts — TC-CART-08 | R9: Pass | T9: Bach Nguyen — QA Automation | U9: 2026-08-10
A10: TC-CART-09 | B10: REQ-CART-CHECKOUT-VALIDATE | C10: Cart & Checkout | D10: A non-numeric card number is still accepted | E10: Negative | F10: Low | G10: The cart contains at least one item. | H10: card: "not-a-card-number" | I10: 1. Open "Place Order". 2. Fill Name and enter a non-numeric string as Card. 3. Click "Purchase". | J10: A format-validating checkout would reject this before submission. | K10: None. | L10: Manual | M10: Manual | N10: n/a — documented only | O10: n/a | P10: Documented finding — candidate for future automation once product owner confirms expected behavior. | Q10: Purchase still succeeds — no card-format validation exists. | R10: Not Executed | S10: DEF-CART-01 | T10: Bach Nguyen — QA Automation | U10: 2026-08-10
A11: TC-CART-10 | B11: REQ-CART-CHECKOUT-VALIDATE | C11: Cart & Checkout | D11: An already-expired card year is still accepted | E11: Negative | F11: Low | G11: The cart contains at least one item. | H11: year: 2010 | I11: 1. Open "Place Order". 2. Fill Name/Card, set Year to a year in the past. 3. Click "Purchase". | J11: A real checkout would reject an already-expired card. | K11: None. | L11: Manual | M11: Manual | N11: n/a — documented only | O11: n/a | P11: Documented finding — same category as TC-CART-09. | Q11: Purchase still succeeds — no expiry validation exists. | R11: Not Executed | S11: DEF-CART-02 | T11: Bach Nguyen — QA Automation | U11: 2026-08-10
A12: TC-CART-11 | B12: REQ-CART-DELETE | C12: Cart & Checkout | D12: Deleting the only remaining item empties the cart total | E12: Functional | F12: Low | G12: The cart contains exactly one item. | H12: n/a | I12: 1. Delete the last remaining row. | J12: The row list is empty and the total label shows no value. | K12: Cart is empty. | L12: Automated | M12: UI | N12: @regression | O12: chromium, firefox, webkit, mobile-chrome | P12: tests/ui/cart.spec.ts — TC-CART-11 | R12: Pass | T12: Bach Nguyen — QA Automation | U12: 2026-08-10
A13: TC-CART-12 | B13: REQ-CART-IDENTITY | C13: Cart & Checkout | D13: Guest carts are isolated between browser contexts | E13: Security | F13: High | G13: None. | H13: n/a | I13: 1. Add a product to the cart as a guest in one browser context. 2. Open a second, independent browser context as a fresh guest. 3. Load the cart in the second context. | J13: The second context does NOT see the first context’s item. DemoBlaze scopes guest carts by a per-browser `user` cookie (set on first page load) and authenticated carts by the login token — verified against the live site by inspecting the `/addtocart` and `/viewcart` request bodies, not assumed. | K13: None. | L13: Automated | M13: UI | N13: @edge @security @regression | O13: chromium, firefox, webkit, mobile-chrome | P13: tests/ui/cart.spec.ts — TC-CART-12 | R13: Pass | T13: Bach Nguyen — QA Automation | U13: 2026-08-10
A14: TC-CART-13 | B14: REQ-CART-VIEW | C14: Cart & Checkout | D14: Product page price matches the price shown in the cart row | E14: Functional | F14: Low | G14: None. | H14: product: Samsung galaxy s6 | I14: 1. Read the price on a product page. 2. Add it to the cart. 3. Compare against the price shown in the cart row. | J14: The two prices match exactly. | K14: None. | L14: Manual | M14: Manual | N14: n/a — documented only | O14: n/a | P14: Implicitly covered by the price-equality assertions in TC-CART-02/07/27. | R14: Not Executed | T14: Bach Nguyen — QA Automation | U14: 2026-08-10
A15: TC-CART-14 | B15: REQ-CART-CHECKOUT-VALIDATE | C15: Cart & Checkout | D15: Opening "Place Order" on an empty cart is not blocked | E15: Negative | F15: Low | G15: The cart has been cleared. | H15: n/a | I15: 1. Clear the cart. 2. Click "Place Order". | J15: A guarded checkout would refuse to open on an empty cart. | K15: None. | L15: Automated | M15: UI | N15: @regression | O15: chromium, firefox, webkit, mobile-chrome | P15: tests/ui/cart.spec.ts — TC-CART-14 | Q15: The modal still opens, with a total of 0 — there is no "cart is empty" guard. | R15: Documented Finding | S15: DEF-CART-06 | T15: Bach Nguyen — QA Automation | U15: 2026-08-10
A16: TC-CART-15 | B16: REQ-CART-CHECKOUT-VALIDATE | C16: Cart & Checkout | D16: Placing an order with only Name empty is rejected client-side | E16: Negative | F16: High | G16: The cart contains at least one item. | H16: name: "", card: 4111111111111111 | I16: 1. Open "Place Order". 2. Leave Name blank; fill Card. 3. Click "Purchase". | J16: Same "Please fill out Name and Creditcard." alert as TC-CART-05 — the check does not distinguish which of the two is missing. | K16: Order modal remains open, no purchase made. | L16: Automated | M16: UI | N16: @regression | O16: chromium, firefox, webkit, mobile-chrome | P16: tests/ui/cart.spec.ts — TC-CART-15 | R16: Pass | T16: Bach Nguyen — QA Automation | U16: 2026-08-10
A17: TC-CART-16 | B17: REQ-CART-CHECKOUT-VALIDATE | C17: Cart & Checkout | D17: Placing an order with only Card empty is rejected client-side | E17: Negative | F17: High | G17: The cart contains at least one item. | H17: name: Card Missing, card: "" | I17: 1. Open "Place Order". 2. Fill Name; leave Card blank. 3. Click "Purchase". | J17: Same "Please fill out Name and Creditcard." alert as TC-CART-05/15. | K17: Order modal remains open, no purchase made. | L17: Automated | M17: UI | N17: @regression | O17: chromium, firefox, webkit, mobile-chrome | P17: tests/ui/cart.spec.ts — TC-CART-16 | R17: Pass | T17: Bach Nguyen — QA Automation | U17: 2026-08-10
A18: TC-CART-17 | B18: REQ-CART-CHECKOUT-SUBMIT | C18: Cart & Checkout | D18: Closing "Place Order" via the × button cancels without creating an order | E18: Functional | F18: Medium | G18: The cart contains at least one item. | H18: n/a | I18: 1. Open "Place Order". 2. Fill in valid Name/Card. 3. Click the × close button instead of "Purchase". | J18: The modal closes; no confirmation appears; the cart contents are unchanged. | K18: Cart contents unchanged. | L18: Automated | M18: UI | N18: @regression | O18: chromium, firefox, webkit, mobile-chrome | P18: tests/ui/cart.spec.ts — TC-CART-17 | R18: Pass | T18: Bach Nguyen — QA Automation | U18: 2026-08-10
A19: TC-CART-18 | B19: REQ-CART-CHECKOUT-SUBMIT | C19: Cart & Checkout | D19: Completing a purchase clears the cart afterward | E19: Functional | F19: High | G19: The cart contains at least one item. | H19: n/a | I19: 1. Add an item. 2. Complete a purchase. 3. Reopen the cart. | J19: The cart is empty after a successful purchase — verified against the live site with a response-waited read (not a single racy check). | K19: Cart is empty. | L19: Automated | M19: UI | N19: @regression | O19: chromium, firefox, webkit, mobile-chrome | P19: tests/ui/cart.spec.ts — TC-CART-18 | R19: Pass | T19: Bach Nguyen — QA Automation | U19: 2026-08-10
A20: TC-CART-19 | B20: REQ-CART-CHECKOUT-SUBMIT | C20: Cart & Checkout | D20: Rapid double-submit handling | E20: Edge | F20: Medium | G20: The cart contains at least one item. | H20: n/a | I20: 1. Open "Place Order", fill Name/Card. 2. Click "Purchase" twice as close together as possible. | J20: Only one checkout submission is processed. | K20: Cart is empty (purchase clears it). | L20: Automated | M20: UI | N20: @edge @known-issue | O20: chromium, firefox, webkit, mobile-chrome | P20: tests/ui/cart.spec.ts — TC-CART-19 | Q20: Two POST /deletecart requests are sent when Purchase is triggered twice rapidly. | R20: Documented Finding | S20: DBZ-CART-001 | T20: Bach Nguyen — QA Automation | U20: 2026-08-10
A21: TC-CART-20 | B21: REQ-CART-SECURITY | C21: Cart & Checkout | D21: The purchase receipt displays the card number unmasked | E21: Security | F21: Medium | G21: The cart contains at least one item. | H21: card: 4111111111111111 | I21: 1. Complete a purchase with a full 16-digit card number. 2. Read the "Card Number" field on the confirmation. | J21: A PCI-conscious checkout would mask all but the last 4 digits (e.g. "**** **** **** 1111"). | K21: None. | L21: Automated | M21: UI | N21: @security | O21: chromium, firefox, webkit, mobile-chrome | P21: tests/ui/cart.spec.ts — TC-CART-20 | Q21: The full, unmasked PAN is echoed back verbatim in the confirmation text. | R21: Documented Finding | S21: DEF-CART-03 | T21: Bach Nguyen — QA Automation | U21: 2026-08-10
A22: TC-CART-21 | B22: REQ-CART-SECURITY | C22: Cart & Checkout | D22: A modified product response controls the displayed checkout totals | E22: Security | F22: Critical | G22: None. | H22: Intercepted POST /view response with `price` rewritten to 1 | I22: 1. Intercept every POST /view response and rewrite its `price` field to 1 (the only network hop that carries a price — POST /addtocart never submits one). 2. Add the product to the cart. 3. Read the cart total, the order-modal total, and the final purchase Amount. | J22: Displayed cart and confirmation totals remain consistent with a trusted product-price source, or the modified response is rejected. | K22: None. | L22: Automated | M22: UI | N22: @security @regression | O22: chromium, firefox, webkit, mobile-chrome | P22: tests/ui/cart.spec.ts — TC-CART-21 | Q22: The modified $1 price propagates through the client-rendered cart total, order-modal total, and confirmation Amount. No backend order acceptance is asserted. | R22: Documented Finding | S22: DEF-CART-04 | T22: Bach Nguyen — QA Automation | U22: 2026-08-10
A23: TC-CART-22 | B23: REQ-CART-IDENTITY | C23: Cart & Checkout | D23: A logged-in account's cart persists across logout and back in | E23: Functional | F23: Medium | G23: A registered account exists. | H23: product: Samsung galaxy s6 | I23: 1. Log in and add an item. 2. Log out. 3. Log back in with the same account. 4. Reopen the cart. | J23: The item added before logout is still present — the account cart is a durable per-account store, not a per-session one. | K23: Cart is cleared by the test as cleanup. | L23: Automated | M23: UI | N23: @regression | O23: chromium, firefox, webkit, mobile-chrome | P23: tests/ui/cart.spec.ts — TC-CART-22 | R23: Pass | T23: Bach Nguyen — QA Automation | U23: 2026-08-10
A24: TC-CART-23 | B24: REQ-CART-IDENTITY | C24: Cart & Checkout | D24: A guest cart does not automatically merge into the account cart on login | E24: Security | F24: Medium | G24: A registered account exists. | H24: product: Apple monitor 24 | I24: 1. As a guest (same browser context), add an item. 2. Log in with a registered account in that same context. 3. Reopen the cart. | J24: The guest item does NOT appear under the now-logged-in account — guest and account carts are separate stores keyed by different identity cookies, confirmed against the live site rather than assumed either way. | K24: None (guest cart still holds the item; harmless, isolated per TC-CART-12). | L24: Automated | M24: UI | N24: @security @edge @regression | O24: chromium, firefox, webkit, mobile-chrome | P24: tests/ui/cart.spec.ts — TC-CART-23 | R24: Pass | T24: Bach Nguyen — QA Automation | U24: 2026-08-10
A25: TC-CART-24 | B25: REQ-CART-SECURITY | C25: Cart & Checkout | D25: An XSS-shaped checkout Name is rendered as inert text, not executed | E25: Security | F25: High | G25: The cart contains at least one item. | H25: name: <script>window.__xss=1</script> | I25: 1. Open "Place Order". 2. Enter a <script> payload as the Name. 3. Complete the purchase. | J25: No script executes; the confirmation displays the payload as literal text, not markup. | K25: Cart is empty. | L25: Automated | M25: UI | N25: @security | O25: chromium, firefox, webkit, mobile-chrome | P25: tests/ui/cart.spec.ts — TC-CART-24 | R25: Pass | T25: Bach Nguyen — QA Automation | U25: 2026-08-10
A26: TC-CART-25 | B26: REQ-CART-RESILIENCE | C26: Cart & Checkout | D26: A very long checkout Name is handled without crashing | E26: Edge | F26: Low | G26: The cart contains at least one item. | H26: name: 'a'.repeat(500) | I26: 1. Open "Place Order". 2. Enter a 500-character Name. 3. Submit. | J26: The purchase completes (or is rejected) without crashing the page. | K26: Cart is empty. | L26: Automated | M26: UI | N26: @edge | O26: chromium, firefox, webkit, mobile-chrome | P26: tests/ui/cart.spec.ts — TC-CART-25 | R26: Pass | T26: Bach Nguyen — QA Automation | U26: 2026-08-10
A27: TC-CART-26 | B27: REQ-CART-CHECKOUT-VALIDATE | C27: Cart & Checkout | D27: A whitespace-only Card value bypasses required-field validation | E27: Negative | F27: Low | G27: The cart contains at least one item. | H27: card: " " (three spaces) | I27: 1. Open "Place Order". 2. Fill Name; fill Card with only whitespace. 3. Click "Purchase". | J27: A trimming validator would treat this the same as an empty Card and raise the TC-CART-05 alert. | K27: Cart is empty. | L27: Automated | M27: UI | N27: @edge | O27: chromium, firefox, webkit, mobile-chrome | P27: tests/ui/cart.spec.ts — TC-CART-26 | Q27: The required-field check tests the raw string’s truthiness, not its trimmed content, so " " counts as "filled": no alert fires, the purchase proceeds, and the confirmation then renders a blank Card Number. | R27: Documented Finding | S27: DEF-CART-05 | T27: Bach Nguyen — QA Automation | U27: 2026-08-10
A28: TC-CART-27 | B28: REQ-CART-VIEW | C28: Cart & Checkout | D28: The cart total correctly sums three items across three different categories | E28: Functional | F28: Medium | G28: None. | H28: products: Samsung galaxy s6 (phone) + Sony vaio i5 (notebook) + Apple monitor 24 (monitor) | I28: 1. Clear the cart. 2. Add one product from each of the phone, notebook, and monitor categories. 3. Read the displayed total. | J28: The total equals the exact sum of all three prices — deeper coverage than TC-CART-07’s two-item case, proving the sum isn’t coincidental. | K28: Cart contains three items. | L28: Automated | M28: UI | N28: @regression | O28: chromium, firefox, webkit, mobile-chrome | P28: tests/ui/cart.spec.ts — TC-CART-27 | R28: Pass | T28: Bach Nguyen — QA Automation | U28: 2026-08-10

Sheet Requirements Traceability
A1: Requirement ID | B1: Module | C1: Description | D1: Covered By | E1: Automated | F1: Manual/Planned | G1: Coverage
A2: REQ-LOGIN-AUTH | B2: Login | C2: Users can authenticate with valid credentials and the session persists across navigation and reload. | D2: TC-LOGIN-01, TC-LOGIN-03, TC-LOGIN-17 | E2: =COUNTIFS('Login Cases'!B2:B24,"REQ-LOGIN-AUTH",'Login Cases'!L2:L24,"Automated") | F2: =COUNTIFS('Login Cases'!B2:B24,"REQ-LOGIN-AUTH")-COUNTIFS('Login Cases'!B2:B24,"REQ-LOGIN-AUTH",'Login Cases'!L2:L24,"Automated") | G2: =IF(COUNTIFS('Login Cases'!B2:B24,"REQ-LOGIN-AUTH")=0,"No coverage",IF(COUNTIFS('Login Cases'!B2:B24,"REQ-LOGIN-AUTH")=E2,"Full","Partial"))
A3: REQ-LOGIN-LOGOUT | B3: Login | C3: Users can log out and the app returns to a logged-out state. | D3: TC-LOGIN-02 | E3: =COUNTIFS('Login Cases'!B2:B24,"REQ-LOGIN-LOGOUT",'Login Cases'!L2:L24,"Automated") | F3: =COUNTIFS('Login Cases'!B2:B24,"REQ-LOGIN-LOGOUT")-COUNTIFS('Login Cases'!B2:B24,"REQ-LOGIN-LOGOUT",'Login Cases'!L2:L24,"Automated") | G3: =IF(COUNTIFS('Login Cases'!B2:B24,"REQ-LOGIN-LOGOUT")=0,"No coverage",IF(COUNTIFS('Login Cases'!B2:B24,"REQ-LOGIN-LOGOUT")=E3,"Full","Partial"))
A4: REQ-LOGIN-VALIDATE | B4: Login | C4: The login form enforces required fields client-side before any network call. | D4: TC-LOGIN-06, TC-LOGIN-07, TC-LOGIN-11 | E4: =COUNTIFS('Login Cases'!B2:B24,"REQ-LOGIN-VALIDATE",'Login Cases'!L2:L24,"Automated") | F4: =COUNTIFS('Login Cases'!B2:B24,"REQ-LOGIN-VALIDATE")-COUNTIFS('Login Cases'!B2:B24,"REQ-LOGIN-VALIDATE",'Login Cases'!L2:L24,"Automated") | G4: =IF(COUNTIFS('Login Cases'!B2:B24,"REQ-LOGIN-VALIDATE")=0,"No coverage",IF(COUNTIFS('Login Cases'!B2:B24,"REQ-LOGIN-VALIDATE")=E4,"Full","Partial"))
A5: REQ-LOGIN-NEGATIVE | B5: Login | C5: Invalid credentials (unknown user, wrong password, wrong case, untrimmed whitespace) are rejected with an accurate message. | D5: TC-LOGIN-04, TC-LOGIN-05, TC-LOGIN-10, TC-LOGIN-12 | E5: =COUNTIFS('Login Cases'!B2:B24,"REQ-LOGIN-NEGATIVE",'Login Cases'!L2:L24,"Automated") | F5: =COUNTIFS('Login Cases'!B2:B24,"REQ-LOGIN-NEGATIVE")-COUNTIFS('Login Cases'!B2:B24,"REQ-LOGIN-NEGATIVE",'Login Cases'!L2:L24,"Automated") | G5: =IF(COUNTIFS('Login Cases'!B2:B24,"REQ-LOGIN-NEGATIVE")=0,"No coverage",IF(COUNTIFS('Login Cases'!B2:B24,"REQ-LOGIN-NEGATIVE")=E5,"Full","Partial"))
A6: REQ-LOGIN-SECURITY | B6: Login | C6: The login flow resists injection/XSS payloads and forged session tokens, and does not leak more than necessary via enumeration or brute force. | D6: TC-LOGIN-08, TC-LOGIN-14, TC-LOGIN-18, TC-LOGIN-19, TC-LOGIN-21, TC-LOGIN-22 | E6: =COUNTIFS('Login Cases'!B2:B24,"REQ-LOGIN-SECURITY",'Login Cases'!L2:L24,"Automated") | F6: =COUNTIFS('Login Cases'!B2:B24,"REQ-LOGIN-SECURITY")-COUNTIFS('Login Cases'!B2:B24,"REQ-LOGIN-SECURITY",'Login Cases'!L2:L24,"Automated") | G6: =IF(COUNTIFS('Login Cases'!B2:B24,"REQ-LOGIN-SECURITY")=0,"No coverage",IF(COUNTIFS('Login Cases'!B2:B24,"REQ-LOGIN-SECURITY")=E6,"Full","Partial"))
A7: REQ-LOGIN-RESILIENCE | B7: Login | C7: The login flow tolerates oversized/unicode input and upstream API failure without crashing. | D7: TC-LOGIN-09, TC-LOGIN-16, TC-LOGIN-20, TC-LOGIN-23 | E7: =COUNTIFS('Login Cases'!B2:B24,"REQ-LOGIN-RESILIENCE",'Login Cases'!L2:L24,"Automated") | F7: =COUNTIFS('Login Cases'!B2:B24,"REQ-LOGIN-RESILIENCE")-COUNTIFS('Login Cases'!B2:B24,"REQ-LOGIN-RESILIENCE",'Login Cases'!L2:L24,"Automated") | G7: =IF(COUNTIFS('Login Cases'!B2:B24,"REQ-LOGIN-RESILIENCE")=0,"No coverage",IF(COUNTIFS('Login Cases'!B2:B24,"REQ-LOGIN-RESILIENCE")=E7,"Full","Partial"))
A8: REQ-LOGIN-UX | B8: Login | C8: Non-authentication login-modal affordances (cancel, password masking) behave as expected. | D8: TC-LOGIN-13, TC-LOGIN-15 | E8: =COUNTIFS('Login Cases'!B2:B24,"REQ-LOGIN-UX",'Login Cases'!L2:L24,"Automated") | F8: =COUNTIFS('Login Cases'!B2:B24,"REQ-LOGIN-UX")-COUNTIFS('Login Cases'!B2:B24,"REQ-LOGIN-UX",'Login Cases'!L2:L24,"Automated") | G8: =IF(COUNTIFS('Login Cases'!B2:B24,"REQ-LOGIN-UX")=0,"No coverage",IF(COUNTIFS('Login Cases'!B2:B24,"REQ-LOGIN-UX")=E8,"Full","Partial"))
A9: REQ-CART-ADD | B9: Cart & Checkout | C9: Products can be added to the cart from the product page, including repeat adds. | D9: TC-CART-01, TC-CART-03 | E9: =COUNTIFS('Cart & Checkout Cases'!B2:B28,"REQ-CART-ADD",'Cart & Checkout Cases'!L2:L28,"Automated") | F9: =COUNTIFS('Cart & Checkout Cases'!B2:B28,"REQ-CART-ADD")-COUNTIFS('Cart & Checkout Cases'!B2:B28,"REQ-CART-ADD",'Cart & Checkout Cases'!L2:L28,"Automated") | G9: =IF(COUNTIFS('Cart & Checkout Cases'!B2:B28,"REQ-CART-ADD")=0,"No coverage",IF(COUNTIFS('Cart & Checkout Cases'!B2:B28,"REQ-CART-ADD")=E9,"Full","Partial"))
A10: REQ-CART-VIEW | B10: Cart & Checkout | C10: The cart accurately lists its contents and computes a correct total, including multi-item sums. | D10: TC-CART-07, TC-CART-13, TC-CART-27 | E10: =COUNTIFS('Cart & Checkout Cases'!B2:B28,"REQ-CART-VIEW",'Cart & Checkout Cases'!L2:L28,"Automated") | F10: =COUNTIFS('Cart & Checkout Cases'!B2:B28,"REQ-CART-VIEW")-COUNTIFS('Cart & Checkout Cases'!B2:B28,"REQ-CART-VIEW",'Cart & Checkout Cases'!L2:L28,"Automated") | G10: =IF(COUNTIFS('Cart & Checkout Cases'!B2:B28,"REQ-CART-VIEW")=0,"No coverage",IF(COUNTIFS('Cart & Checkout Cases'!B2:B28,"REQ-CART-VIEW")=E10,"Full","Partial"))
A11: REQ-CART-DELETE | B11: Cart & Checkout | C11: Individual items can be removed from the cart, correctly updating rows and total. | D11: TC-CART-04, TC-CART-11 | E11: =COUNTIFS('Cart & Checkout Cases'!B2:B28,"REQ-CART-DELETE",'Cart & Checkout Cases'!L2:L28,"Automated") | F11: =COUNTIFS('Cart & Checkout Cases'!B2:B28,"REQ-CART-DELETE")-COUNTIFS('Cart & Checkout Cases'!B2:B28,"REQ-CART-DELETE",'Cart & Checkout Cases'!L2:L28,"Automated") | G11: =IF(COUNTIFS('Cart & Checkout Cases'!B2:B28,"REQ-CART-DELETE")=0,"No coverage",IF(COUNTIFS('Cart & Checkout Cases'!B2:B28,"REQ-CART-DELETE")=E11,"Full","Partial"))
A12: REQ-CART-IDENTITY | B12: Cart & Checkout | C12: Cart contents are correctly scoped and isolated per guest/account identity, and persist appropriately across login/logout. | D12: TC-CART-08, TC-CART-12, TC-CART-22, TC-CART-23 | E12: =COUNTIFS('Cart & Checkout Cases'!B2:B28,"REQ-CART-IDENTITY",'Cart & Checkout Cases'!L2:L28,"Automated") | F12: =COUNTIFS('Cart & Checkout Cases'!B2:B28,"REQ-CART-IDENTITY")-COUNTIFS('Cart & Checkout Cases'!B2:B28,"REQ-CART-IDENTITY",'Cart & Checkout Cases'!L2:L28,"Automated") | G12: =IF(COUNTIFS('Cart & Checkout Cases'!B2:B28,"REQ-CART-IDENTITY")=0,"No coverage",IF(COUNTIFS('Cart & Checkout Cases'!B2:B28,"REQ-CART-IDENTITY")=E12,"Full","Partial"))
A13: REQ-CART-CHECKOUT-VALIDATE | B13: Cart & Checkout | C13: The checkout form enforces its required fields, and gaps in that validation (format/expiry/whitespace) are documented rather than assumed. | D13: TC-CART-05, TC-CART-06, TC-CART-09, TC-CART-10, TC-CART-14, TC-CART-15, TC-CART-16, TC-CART-26 | E13: =COUNTIFS('Cart & Checkout Cases'!B2:B28,"REQ-CART-CHECKOUT-VALIDATE",'Cart & Checkout Cases'!L2:L28,"Automated") | F13: =COUNTIFS('Cart & Checkout Cases'!B2:B28,"REQ-CART-CHECKOUT-VALIDATE")-COUNTIFS('Cart & Checkout Cases'!B2:B28,"REQ-CART-CHECKOUT-VALIDATE",'Cart & Checkout Cases'!L2:L28,"Automated") | G13: =IF(COUNTIFS('Cart & Checkout Cases'!B2:B28,"REQ-CART-CHECKOUT-VALIDATE")=0,"No coverage",IF(COUNTIFS('Cart & Checkout Cases'!B2:B28,"REQ-CART-CHECKOUT-VALIDATE")=E13,"Full","Partial"))
A14: REQ-CART-CHECKOUT-SUBMIT | B14: Cart & Checkout | C14: A valid order can be submitted, cancelled, or double-submitted safely, and clears the cart on success. | D14: TC-CART-02, TC-CART-17, TC-CART-18, TC-CART-19 | E14: =COUNTIFS('Cart & Checkout Cases'!B2:B28,"REQ-CART-CHECKOUT-SUBMIT",'Cart & Checkout Cases'!L2:L28,"Automated") | F14: =COUNTIFS('Cart & Checkout Cases'!B2:B28,"REQ-CART-CHECKOUT-SUBMIT")-COUNTIFS('Cart & Checkout Cases'!B2:B28,"REQ-CART-CHECKOUT-SUBMIT",'Cart & Checkout Cases'!L2:L28,"Automated") | G14: =IF(COUNTIFS('Cart & Checkout Cases'!B2:B28,"REQ-CART-CHECKOUT-SUBMIT")=0,"No coverage",IF(COUNTIFS('Cart & Checkout Cases'!B2:B28,"REQ-CART-CHECKOUT-SUBMIT")=E14,"Full","Partial"))
A15: REQ-CART-SECURITY | B15: Cart & Checkout | C15: Checkout resists XSS payloads and price tampering, and does not unnecessarily expose sensitive card data. | D15: TC-CART-20, TC-CART-21, TC-CART-24 | E15: =COUNTIFS('Cart & Checkout Cases'!B2:B28,"REQ-CART-SECURITY",'Cart & Checkout Cases'!L2:L28,"Automated") | F15: =COUNTIFS('Cart & Checkout Cases'!B2:B28,"REQ-CART-SECURITY")-COUNTIFS('Cart & Checkout Cases'!B2:B28,"REQ-CART-SECURITY",'Cart & Checkout Cases'!L2:L28,"Automated") | G15: =IF(COUNTIFS('Cart & Checkout Cases'!B2:B28,"REQ-CART-SECURITY")=0,"No coverage",IF(COUNTIFS('Cart & Checkout Cases'!B2:B28,"REQ-CART-SECURITY")=E15,"Full","Partial"))
A16: REQ-CART-RESILIENCE | B16: Cart & Checkout | C16: Checkout tolerates oversized input without crashing. | D16: TC-CART-25 | E16: =COUNTIFS('Cart & Checkout Cases'!B2:B28,"REQ-CART-RESILIENCE",'Cart & Checkout Cases'!L2:L28,"Automated") | F16: =COUNTIFS('Cart & Checkout Cases'!B2:B28,"REQ-CART-RESILIENCE")-COUNTIFS('Cart & Checkout Cases'!B2:B28,"REQ-CART-RESILIENCE",'Cart & Checkout Cases'!L2:L28,"Automated") | G16: =IF(COUNTIFS('Cart & Checkout Cases'!B2:B28,"REQ-CART-RESILIENCE")=0,"No coverage",IF(COUNTIFS('Cart & Checkout Cases'!B2:B28,"REQ-CART-RESILIENCE")=E16,"Full","Partial"))

Sheet Lists
A1: Module | B1: Type | C1: Priority | D1: Automation Status | E1: Layer | F1: Execution Status
A2: Login | B2: Functional | C2: Critical | D2: Automated | E2: UI | F2: Pass
A3: Cart & Checkout | B3: Negative | C3: High | D3: Manual | E3: API | F3: Documented Finding
B4: Edge | C4: Medium | D4: Planned | E4: Manual | F4: Not Executed
B5: Security | C5: Low
